<?xml version="1.0" encoding="UTF-8"?>
<project-private xmlns="http://www.netbeans.org/ns/project-private/1">
    <editor-bookmarks xmlns="http://www.netbeans.org/ns/editor-bookmarks/2" lastBookmarkId="0"/>
    <open-files xmlns="http://www.netbeans.org/ns/projectui-open-files/2">
        <group>
            <file>file:/D:/SOA%20Assignment1/SOA%20Assignment2/src/soa/assignment2/SOAAssignment2.java</file>
            <file>file:/D:/SOA%20Assignment1/SOA%20Assignment2/src/soa/assignment2/Book.java</file>
            <file>file:/D:/SOA%20Assignment1/SOA%20Assignment2/src/soa/assignment2/SearchAndDelete.java</file>
        </group>
    </open-files>
</project-private>
