<?xml version="1.0" encoding="UTF-8" standalone="no"?><Catalog><Book ID="1"><Author>hjkl</Author><Title>\hjkl</Title><Gerne>hjkl;</Gerne><Price>hjkl</Price><PublishDate>jikl</PublishDate><Description>kl;'</Description></Book><Book ID="2"><Author>lk;'</Author><Title>kl;</Title><Gerne>\jkl;</Gerne><Price>hjkl;</Price><PublishDate>kl;'</PublishDate><Description>jkl;</Description></Book><Book ID="4"><Author>jkl</Author><Title>hjkl;</Title><Gerne>Science</Gerne><Price>25</Price><PublishDate>kl;'</PublishDate><Description>kl;'</Description></Book><Book ID="3"><Author>salma</Author><Title>bla bla</Title><Gerne>Drama</Gerne><Price>30.0</Price><PublishDate>20/2/2022</PublishDate><Description>sad</Description></Book><Book ID="5"><Author>ghjk</Author><Title>pp</Title><Gerne>Science</Gerne><Price>25.0</Price><PublishDate>05-06-2001</PublishDate><Description>lll</Description></Book></Catalog>